title,created_date,num_comments
He Thinks Infant Vaccines Are a Pharma Scam. I Think He’s Endangering Our Baby.,2025-07-15,209
"Ex-FDA chief Scott Gottlieb warns RFK Jr.'s upcoming autism report, linking vaccine aluminum to autism, could trigger a flood of lawsuits through the Vaccine Injury Compensation Program, potentially crippling vaccine makers and forcing them out of the market.",2025-06-27,184
"Most US pregnant women, parents of young kids don't plan to accept all recommended kids' vaccines",2025-07-17,159
RFK Jr.'s vaccine committee advises Americans not to get certain flu vaccines,2025-06-26,147
RFK Jr. tells Tucker Carlson the CDC buried its own internal study showing a 1135% increase in autism risk from hepatitis B vaccination,2025-06-30,136
U.S removes mercury-based Thimerosal from all influenza injections,2025-07-24,131
"RFK jr plans to put AI in charge of approving new medications. He also plans for the current Vaccine Adverse Event Reporting System (VAERS), which is overseen by the CDC, to be outfitted with AI.",2025-07-03,122
All childhood vaccines in question after first meeting of RFK Jr.’s vaccine panel,2025-06-26,112
James Li fearmongering about hep B vaccine,2025-07-06,98
RFK Jr. says U.S. will stop funding global vaccine group over 'vaccine safety' issues,2025-06-26,91
"All childhood vaccines in question after first meeting of RFK Jr.’s vaccine panel | Overall, the meeting was packed with anti-vaccine talking points and arguments.",2025-06-26,90
All childhood vaccines in question after first meeting of RFK Jr.’s vaccine panel,2025-06-26,84
"Vaccine panel backs RFK Jr. in opposing thimerosal, a flu shot preservative",2025-06-26,76
Expert panel picked by RFK Jr. will scrutinize the vaccine schedule for kids,2025-06-25,75
RFK Jr’s new vaccine panel votes against preservative in flu shots in shock move,2025-06-26,74
